test_id,prompt_used,output_summary,accuracy,helpfulness,format_adherence,completeness,evidence_grounding,safety_professionalism,clarity,failure_mode,revision_needed,full_output
T1,P1_zero_shot,"Accurately explained that inadequate calibration records create CGMP compliance concerns and may lead to investigation, CAPA, and regulatory actions.",5,5,5,4,5,5,5,minor omission - did not explicitly distinguish batch impact assessment from regulatory disposition decisions in detail,add more regulatory quality-system context if deeper QA training is required,"In this scenario, a pharmaceutical company produced a batch of tablets that failed a Current Good Manufacturing Practice (CGMP) inspection because it could not provide adequate equipment calibration records. Calibration records are essential documentation demonstrating that manufacturing equipment has been properly maintained and is operating accurately. Without these records, regulators cannot verify that the equipment consistently produced tablets meeting required quality standards.

Failure to comply with CGMP regulations can lead to regulatory actions such as inspection observations, warning letters, product recalls, production delays, batch rejection, or other enforcement measures, depending on the severity of the deficiencies. The company would typically be expected to investigate the issue, correct its documentation and calibration practices, assess the impact on product quality, and implement corrective and preventive actions (CAPA) to prevent recurrence.

**Summary:** The tablet batch failed the CGMP inspection because the company lacked adequate equipment calibration records, raising concerns about whether the manufacturing process was properly controlled and whether the batch met required quality standards.
"
T3,P1_zero_shot,Correctly explained that FDA does not impose a fixed first-time CGMP violation fine and that enforcement is case-specific.,5,5,5,4,4,5,5,none significant,could cite specific FDA enforcement mechanisms if citations were requested,"The FDA does **not** impose a fixed or automatic fine amount for a first-time CGMP (Current Good Manufacturing Practice) violation.

Instead, the FDA's response depends on factors such as:

* The nature and severity of the violation.
* Whether the violation poses a risk to product quality or patient safety.
* The company's compliance history.
* How promptly and effectively the company corrects the deficiencies.

For a first-time CGMP violation, the FDA often begins with regulatory actions such as:

* Issuing a **Form FDA 483** listing inspection observations.
* Requesting corrective and preventive actions (CAPA).
* Issuing a **Warning Letter** if significant violations are not adequately addressed.

If noncompliance persists or is particularly serious, the FDA may pursue stronger enforcement actions, including product seizures, injunctions, import alerts, consent decrees, or referral to the U.S. Department of Justice for civil or criminal enforcement. In those cases, monetary penalties, if any, are determined under applicable laws or by a court—they are **not** based on a standard ""first-time violation"" fine.

**Answer:** There is **no specific FDA fine amount** charged for a first-time CGMP violation. The FDA evaluates each case individually, and many first-time violations result in corrective actions rather than automatic monetary penalties.
"
T5,P1_zero_shot,"Provided appropriate patient guidance, clarified that CGMP violations do not automatically mean medication is unsafe, and advised consulting healthcare professionals.",5,5,5,5,5,5,5,none significant,could further emphasize checking official FDA recall communications,"A CGMP violation does **not** necessarily mean that a medication is unsafe or that patients should stop taking it. Current Good Manufacturing Practice (CGMP) regulations are intended to ensure that medicines are consistently manufactured and controlled to meet quality standards. A violation indicates that the manufacturer failed to comply with one or more of these requirements, but the impact on specific products can vary.

If a patient hears that their medication's manufacturer had a CGMP violation, they should:

* **Continue taking the medication unless instructed otherwise** by their healthcare provider or unless the product has been officially recalled.
* **Check whether the medication has been recalled** by the manufacturer or regulatory authorities.
* **Talk to their healthcare provider or pharmacist** if they have concerns about the medication's safety or quality. They can advise whether an alternative treatment is appropriate.
* **Do not stop the medication on their own**, especially if it treats a chronic or serious condition, as stopping abruptly may be harmful.

In the scenario described, the appropriate advice is that the patient should **not automatically stop taking their medication solely because the manufacturer received a CGMP violation**. Instead, they should seek guidance from their healthcare provider or pharmacist and follow any official recall or safety communications if they apply.
"
T7,P1_zero_shot,"Clearly compared seizure and injunction enforcement actions, distinguishing product-focused versus operation-focused remedies.",5,5,5,5,5,5,5,none significant,could include a brief example scenario for each enforcement action,"Under FDA enforcement of Current Good Manufacturing Practice (CGMP) regulations, **seizures** and **injunctions** are two different legal actions used to address significant violations.

| Aspect        | Seizure                                                                                     | Injunction                                                                                                                                    |
| ------------- | ------------------------------------------------------------------------------------------- | --------------------------------------------------------------------------------------------------------------------------------------------- |
| **Purpose**   | Removes specific violative products from distribution.                                      | Requires a company to stop violating the law and comply with CGMP requirements.                                                               |
| **Focus**     | The products themselves.                                                                    | The company's operations and conduct.                                                                                                         |
| **When used** | When products are considered adulterated, misbranded, or otherwise in violation of the law. | When a company continues to violate regulations or corrective actions are insufficient.                                                       |
| **Effect**    | The FDA, through the courts, can detain and prevent distribution of the affected products.  | A federal court orders the company to cease certain activities, such as manufacturing or distributing products, until compliance is achieved. |
| **Goal**      | Protect the public by removing potentially noncompliant products from the market.           | Prevent ongoing or future violations by requiring sustained compliance.                                                                       |

### In the context of CGMP violations

If a pharmaceutical company fails to comply with CGMP regulations:

* A **seizure** may be used when specific batches or products are considered adulterated due to manufacturing deficiencies. The action targets those products to keep them out of the marketplace.
* An **injunction** may be sought when the company's CGMP problems are ongoing or significant enough that court intervention is needed to require corrective actions, which may include stopping manufacturing until compliance is demonstrated.

In summary, a **seizure** is directed at **noncompliant products**, whereas an **injunction** is directed at **the manufacturer's operations and continued compliance with CGMP requirements**.
"
T9,P1_zero_shot,Explained why FDA emphasizes process quality and prevention over relying only on end-product testing.,5,5,5,5,5,5,5,none significant,could mention quality by design (QbD) concepts for advanced audiences,"The FDA emphasizes **building quality into the manufacturing process** because quality cannot be reliably ensured by testing only the finished product. Current Good Manufacturing Practice (CGMP) regulations require manufacturers to design, control, and monitor their processes so that products are consistently produced to meet predefined quality standards.

End-product testing examines only a sample of a batch and may not detect all manufacturing problems or defects. In contrast, controlling the manufacturing process—including equipment qualification, process validation, personnel training, raw material controls, and proper documentation—helps prevent quality issues before they occur.

**Summary:** The FDA promotes building quality into the manufacturing process because preventing defects through well-controlled, validated processes is more effective and reliable than relying solely on end-product testing, which cannot guarantee the quality of every unit produced.
"
T1,P2_structured,"Provided a numbered list of CGMP consequences including inspection findings, quality investigation, CAPA, and regulatory follow-up.",5,5,5,5,5,5,5,none significant,could separate immediate consequences from long-term remediation steps,"1. **CGMP inspection finding:** The tablet batch failed the CGMP inspection because the company did not maintain adequate equipment calibration records, creating a documentation deficiency.

2. **Quality concerns:** Without complete calibration records, regulators cannot verify that the manufacturing equipment was operating accurately and consistently during production, raising concerns about the reliability of the manufacturing process.

3. **Batch disposition:** The affected batch may be held, rejected, or subjected to further investigation until the company demonstrates that product quality was not compromised and appropriate decisions are made regarding its disposition.

4. **Regulatory action:** Depending on the severity of the deficiency and the company's overall compliance status, the FDA may issue inspection observations (Form FDA 483), a Warning Letter, or pursue other enforcement actions if the issues are not adequately corrected.

5. **Corrective actions:** The company is expected to investigate the root cause, restore and document proper equipment calibration, evaluate the impact on product quality, and implement corrective and preventive actions (CAPA) to prevent recurrence.

6. **Summary:** The tablet batch failed the CGMP inspection because of inadequate equipment calibration records. This deficiency undermines confidence that the manufacturing process was properly controlled and may result in regulatory scrutiny, investigation of the affected batch, and required corrective actions to restore CGMP compliance.
"
T3,P2_structured,Presented a numbered list explaining that no fixed FDA fine exists for first-time CGMP violations.,5,5,5,5,4,5,5,none significant,could explicitly state 'not specified in source' if following that evaluation criterion,"1. **No fixed first-time fine:** The FDA does **not** charge a specific or automatic fine amount for a first-time CGMP violation.

2. **Case-by-case evaluation:** The FDA evaluates the nature, severity, and potential public health impact of the violation, as well as the company's compliance history and response.

3. **Initial regulatory actions:** For many first-time violations, the FDA may issue a **Form FDA 483** documenting inspection observations and may later issue a **Warning Letter** if the deficiencies are significant or are not adequately corrected.

4. **Corrective action requirement:** The company is expected to investigate the root cause of the violation and implement corrective and preventive actions (CAPA) to restore compliance with CGMP requirements.

5. **Potential escalation:** If the company fails to address the violations or if the deficiencies are serious, the FDA may pursue additional enforcement actions, such as product seizure, injunction, import alerts, or referral for civil or criminal proceedings, as appropriate.

6. **Conclusion:** There is **no specific FDA fine amount for a first-time CGMP violation**. Enforcement actions are determined based on the facts and circumstances of each case rather than by a standard monetary penalty.
"
T5,P2_structured,Provided patient-focused numbered consequences and appropriately avoided advising medication discontinuation.,5,5,5,5,5,5,5,none significant,could include more emphasis on pharmacist consultation as an accessible resource,"1. **Do not stop medication automatically:** A CGMP violation by the manufacturer does **not** necessarily mean that the medication is unsafe or ineffective. Patients should not stop taking their medication solely because of news of a CGMP violation.

2. **Assess regulatory actions:** The FDA evaluates the significance of the CGMP violation and determines whether regulatory actions, such as recalls or safety communications, are necessary.

3. **Check for recalls:** If the affected medication has been recalled or is subject to an FDA safety alert, patients should follow the instructions provided by the manufacturer, FDA, or their healthcare provider.

4. **Consult a healthcare professional:** Patients who have concerns should speak with their physician or pharmacist before making any changes to their treatment. They can determine whether continuing the medication or switching to an alternative is appropriate.

5. **Risks of stopping treatment:** Discontinuing medication without medical advice may worsen the underlying condition, particularly for treatments of chronic or serious illnesses.

6. **Conclusion:** A manufacturer's CGMP violation does not automatically require patients to stop taking their medication. Patients should continue treatment unless instructed otherwise by a healthcare professional or unless an official recall or safety communication indicates that action is necessary.
"
T7,P2_structured,Used a numbered structure to compare seizure and injunction cases and explained their different regulatory purposes.,5,5,5,5,5,5,5,none significant,could include legal process details if intended for regulatory training,"1. **Purpose of a seizure:** A seizure is a legal action used to remove specific pharmaceutical products from commerce when they are believed to violate the law, such as being adulterated due to CGMP deficiencies.

2. **Consequence of a seizure:** The affected products may be detained and prevented from being distributed until the legal issues are resolved, helping protect public health.

3. **Purpose of an injunction:** An injunction is a court order requiring a pharmaceutical company to stop violating CGMP regulations and take corrective actions to achieve compliance.

4. **Consequence of an injunction:** The company may be required to suspend manufacturing, processing, or distribution until it demonstrates that its operations comply with CGMP requirements.

5. **Scope of enforcement:** A seizure primarily targets **specific products** that are considered noncompliant, whereas an injunction targets the **company's operations and ongoing manufacturing practices**.

6. **Overall regulatory impact:** Both enforcement actions are intended to protect patients and ensure compliance with CGMP regulations. A seizure addresses potentially violative products already produced, while an injunction seeks to prevent continued or future violations by requiring sustained corrective actions.
"
T9,P2_structured,Explained process-based quality management versus reliance on final product testing using numbered consequences.,5,5,5,5,5,5,5,none significant,could mention lifecycle quality management concepts,"1. **Quality is built into the process:** The FDA expects manufacturers to design and control their manufacturing processes so that products consistently meet established quality standards throughout production.

2. **Prevention of defects:** Well-controlled processes, including equipment qualification, process validation, personnel training, raw material controls, and documentation, help prevent quality problems before they occur.

3. **Limitations of end-product testing:** Testing finished products evaluates only sampled units and may not detect every manufacturing defect or process failure within a batch.

4. **Consistent product quality:** Robust process controls increase confidence that every batch is manufactured consistently, rather than relying solely on the results of final testing.

5. **CGMP compliance:** Failure to maintain adequate process controls may result in CGMP violations, regulatory observations, and requirements for corrective and preventive actions (CAPA).

6. **Summary:** The FDA emphasizes building quality into the manufacturing process because preventing defects through controlled, validated processes provides greater assurance of product quality than relying on end-product testing alone, which cannot guarantee the quality of every individual unit.
"
T1,P5_final_improved,"Provided a professional briefing suitable for a new quality manager, balancing compliance concerns with reassurance.",5,5,5,5,5,5,5,none significant,could include additional FDA terminology references if required,"In this scenario, the pharmaceutical company's tablet batch failed a CGMP inspection because the equipment calibration records were inadequate. Under Current Good Manufacturing Practice (CGMP) requirements, manufacturers must maintain documented evidence that manufacturing equipment is properly calibrated and functioning as intended. These records help demonstrate that the manufacturing process is under control and capable of consistently producing quality products.

It is important to understand that **this finding does not automatically mean the tablet batch is unsafe or ineffective**. Rather, the lack of adequate calibration records reduces confidence that the equipment performed within acceptable limits during manufacturing and that the batch was produced under a fully controlled process.

From a quality management perspective, the likely consequences include:

* **Inspection observation:** The inadequate calibration records would be documented as a CGMP deficiency during the inspection.
* **Quality investigation:** The manufacturer would be expected to investigate the missing or insufficient calibration documentation, determine the root cause, and assess whether the issue could have affected product quality.
* **Batch evaluation:** The company would evaluate the affected batch using its quality management procedures to determine whether the batch can be released, requires additional assessment, or should be rejected. The specific disposition is **not specified in source** and depends on the results of the investigation.
* **Corrective and preventive actions (CAPA):** The manufacturer would be expected to implement corrective actions to restore compliance and preventive measures to reduce the likelihood of recurrence, such as strengthening calibration procedures, documentation practices, personnel training, or quality oversight.
* **Potential regulatory follow-up:** Depending on the nature and significance of the findings, and the adequacy of the company's response, the FDA may take additional regulatory actions consistent with its enforcement authorities. The specific action, timeline, or outcome is **not specified in source** and is determined on a case-by-case basis.

**Summary:** The inspection finding indicates a deficiency in CGMP documentation and process control—not definitive evidence that the tablets are unsafe. The primary regulatory expectation is that the manufacturer thoroughly investigates the issue, assesses any potential impact on product quality, documents its findings, and implements effective corrective and preventive actions to restore and maintain CGMP compliance.
"
T3,P5_final_improved,Clearly explained that FDA does not specify a standard first-time CGMP violation fine and used appropriate uncertainty language.,5,5,5,5,5,5,5,none significant,could provide examples of enforcement outcomes without implying penalties,"For a new quality manager, the key point is that the FDA **does not specify a fixed fine amount for a first-time CGMP violation**. The amount is **not specified in source** because there is no standard, automatic monetary penalty that applies simply because a company has committed its first CGMP violation.

It is also important to recognize that **a CGMP violation does not automatically mean that the affected drug is unsafe or ineffective**. CGMP requirements are intended to ensure that products are consistently manufactured under controlled conditions. A compliance deficiency indicates that the quality system or manufacturing controls require attention, but the impact on product quality must be evaluated based on the specific circumstances.

In practice, the FDA's response depends on factors such as:

* The nature and severity of the CGMP deficiency.
* The potential impact on product quality and patient safety.
* The company's compliance history.
* The adequacy and timeliness of the company's corrective actions.

Rather than imposing a predetermined fine, the FDA may take regulatory actions such as documenting inspection observations, issuing a Warning Letter when appropriate, or pursuing other enforcement measures if significant noncompliance persists. Whether monetary penalties apply in a particular case depends on the applicable legal authority and the specific facts of the case; a standard dollar amount for a first-time CGMP violation is **not specified in source**.

From a quality management perspective, the appropriate response is to:

* Investigate the deficiency and determine its root cause.
* Assess any potential impact on product quality.
* Implement corrective and preventive actions (CAPA).
* Document all actions taken and verify their effectiveness.
* Cooperate with regulatory authorities throughout the remediation process.

**Summary:** There is **no specific FDA fine amount for a first-time CGMP violation**; it is **not specified in source** because the FDA does not use a fixed schedule of fines for such violations. Regulatory actions are determined on a case-by-case basis, with the primary objective of restoring and maintaining compliance and protecting product quality.
"
T5,P5_final_improved,Delivered patient communication guidance with appropriate reassurance and regulatory precision.,5,5,5,5,5,5,5,none significant,could shorten for direct patient-facing communication,"When speaking with a patient, it is important to provide clear, balanced information. A **CGMP (Current Good Manufacturing Practice) violation does not automatically mean that a medication is unsafe or ineffective**. CGMP requirements are designed to ensure that medicines are consistently manufactured and controlled to meet quality standards. A finding of non-compliance indicates that the manufacturer must address deficiencies in its quality system or manufacturing processes, but it does not, by itself, establish that every product made by the company is defective.

For this scenario, the appropriate guidance is:

* **Do not advise the patient to stop taking the medication solely because of a reported CGMP violation.** Stopping certain medications without medical guidance may pose health risks.
* **Encourage the patient to consult their healthcare provider or pharmacist** if they have concerns. These professionals can assess the patient's specific situation and determine whether any change in therapy is appropriate.
* **Check for official regulatory communications**, such as FDA safety alerts or product recalls. If the medication is affected by a recall, patients should follow the instructions provided by the manufacturer, the FDA, or their healthcare provider.
* **Understand the manufacturer's responsibilities.** Following a CGMP finding, the manufacturer is expected to investigate the deficiency, evaluate any potential impact on product quality, and implement corrective and preventive actions (CAPA). The specific timeline for these activities is **not specified in source** and depends on the nature of the findings and the regulatory process.
* **Recognize that regulatory actions are case-specific.** The FDA's response depends on the severity of the non-compliance and the company's corrective actions. The specific enforcement measures and timelines are **not specified in source**.

**Summary:** A manufacturer's CGMP violation is a signal that its quality systems require regulatory attention, **not proof that the medication is unsafe**. Patients should generally continue taking their medication unless advised otherwise by their healthcare provider or unless the product is subject to an official FDA recall or other regulatory action.
"
T7,P5_final_improved,Provided a quality-manager-focused comparison of seizure and injunction actions while avoiding alarmist language.,5,5,5,5,5,5,5,none significant,could add a brief enforcement decision pathway diagram for training use,"For a new quality manager, it is important to understand that **CGMP non-compliance does not automatically mean that a drug is unsafe**. Instead, FDA enforcement actions are intended to address situations where manufacturing controls, documentation, or quality systems do not provide adequate assurance that products are consistently produced according to regulatory requirements. The FDA evaluates each situation based on the specific facts, potential impact on product quality, and the company’s response.

Two possible CGMP enforcement actions are **seizures** and **injunctions**. They differ mainly in what they target and what they are intended to accomplish:

1. **Seizure: Action directed at specific products**

   * A seizure is a legal action used to remove specific products from the marketplace when they are believed to be in violation of applicable laws, such as products considered adulterated due to CGMP deficiencies.
   * The focus is on the **product itself**, such as a particular batch or inventory of drugs, rather than immediately addressing all company operations.
   * A seizure does not automatically mean that every product from the manufacturer is unsafe; it means that the identified products require regulatory control while the compliance issue is addressed.
   * The specific circumstances leading to a seizure, including affected products and timelines, are **not specified in source** and are determined case-by-case.

2. **Injunction: Action directed at company operations**

   * An injunction is a court order that requires a company to stop certain unlawful activities and take steps to correct ongoing CGMP violations.
   * The focus is on the **manufacturer’s practices and systems**, such as inadequate quality controls, manufacturing procedures, or documentation processes.
   * An injunction may restrict manufacturing or distribution activities until the company demonstrates compliance with CGMP requirements.
   * The specific requirements, duration, and conditions of an injunction are **not specified in source** and depend on the details of each case.

3. **Key difference for quality management**

   * A **seizure addresses potentially noncompliant products** by preventing their distribution.
   * An **injunction addresses ongoing compliance failures** by requiring changes to the company’s operations and quality systems.

**Summary:** A seizure and an injunction are different FDA enforcement tools used to protect public health and encourage CGMP compliance. A seizure focuses on controlling specific products, while an injunction focuses on correcting broader manufacturing or quality system problems. Neither action automatically indicates that all medications from a company are unsafe; rather, they reflect regulatory efforts to ensure that pharmaceutical products are manufactured under appropriate quality standards.
"
T9,P5_final_improved,Explained FDA's emphasis on building quality into processes rather than depending only on final testing.,5,5,5,5,5,5,5,none significant,could include Quality by Design terminology for advanced regulatory audiences,"For a new quality manager, it is important to understand that **CGMP compliance is based on preventing quality problems, not only detecting them after a product has been manufactured**. The FDA emphasizes building quality into the manufacturing process because a finished product test alone cannot provide complete assurance that every unit produced meets quality requirements.

This approach does **not mean that end-product testing is unimportant**. Finished product testing remains a critical part of pharmaceutical quality control. However, it is only one component of a broader quality system designed to ensure consistent manufacturing performance.

Key reasons the FDA emphasizes process-based quality include:

1. **Prevention is more reliable than detection alone**

   * A well-designed and controlled manufacturing process helps prevent defects before they occur.
   * Controls such as validated processes, qualified equipment, appropriate raw material management, trained personnel, and accurate documentation help ensure consistent product quality.

2. **End-product testing has limitations**

   * Finished product testing typically evaluates samples from a batch rather than every individual unit.
   * Testing may identify some quality problems, but it cannot always detect every potential issue caused by inadequate manufacturing controls.

3. **Process control supports consistent product quality**

   * When manufacturing processes are properly designed, monitored, and maintained, companies have greater confidence that each batch is produced according to established specifications.
   * A strong quality system helps identify risks early and allows companies to address issues before they affect product release.

4. **CGMP compliance requires a quality system approach**

   * Pharmaceutical manufacturers are expected to maintain systems that ensure quality is incorporated throughout development, manufacturing, testing, and distribution.
   * If a company relies only on final testing while lacking adequate process controls, it may receive CGMP observations and be required to implement corrective and preventive actions (CAPA).

5. **Impact on patients**

   * A CGMP deficiency does **not automatically mean a medication is unsafe**. Instead, it indicates that the manufacturer must demonstrate that its processes are controlled and that product quality is consistently assured.
   * The specific regulatory response, timelines for remediation, and required actions are **not specified in source** and depend on the nature and severity of the deficiency.

**Summary:** The FDA emphasizes building quality into the manufacturing process because quality must be created and controlled throughout production, not simply verified at the end. End-product testing provides important confirmation, but a robust CGMP system relies on prevention, process control, and continuous quality oversight to ensure consistent pharmaceutical quality.
"
